<?xml version="1.0" encoding="UTF-8" ?>
<beans xmlns="http://www.springframework.org/schema/beans"
	xmlns:xsi="http://www.w3.org/2001/XMLSchema-instance" 
	xmlns:tx="http://www.springframework.org/schema/tx"
	xmlns:context="http://www.springframework.org/schema/context"
	xmlns:beans="http://www.springframework.org/schema/beans"
	xsi:schemaLocation="http://www.springframework.org/schema/beans
http://www.springframework.org/schema/beans/spring-beans.xsd
http://www.springframework.org/schema/mvc
http://www.springframework.org/schema/mvc/spring-mvc.xsd
http://www.springframework.org/schema/context
http://www.springframework.org/schema/context/spring-context.xsd
http://www.springframework.org/schema/tx
http://www.springframework.org/schema/tx/spring-tx-3.0.xsd">

<context:component-scan base-package="com.niit.chatusbackend"/>
	<!-- Data source configuration for Oracle -->
	<beans:bean id="dataSource" class="org.apache.commons.dbcp2.BasicDataSource" destroy-method="close">
		<beans:property name="driverClassName" value="oracle.jdbc.driver.OracleDriver" />
		<beans:property name="url" value="jdbc:oracle:thin:@localhost:1521:XE" />
		<beans:property name="username" value="system" />
		<beans:property name="password" value="amar123" />
	</beans:bean>
	
	<!-- Session factory object and Hibernate properties for Oracle Data source -->
	<beans:bean id="sessionFactory" class="org.springframework.orm.hibernate5.LocalSessionFactoryBean">
		<beans:property name="dataSource" ref="dataSource" />
		<beans:property name="annotatedClasses">
			<beans:list>
				<beans:value>com.niit.chatusbackend.model.Blog</beans:value>
			</beans:list>
		</beans:property>
		
		<beans:property name="hibernateProperties">
			<beans:props>
				<beans:prop key="hibernate.dialect">org.hibernate.dialect.OracleDialect</beans:prop>
		   <!-- <beans:prop key="hibernate.hbm2ddl.auto">update</beans:prop> -->
				<beans:prop key="hibernate.show_sql">true</beans:prop>
				<beans:prop key="hibernate.connection.SetBigStringTryClob">true</beans:prop>
				<beans:prop key="hibernate.jdbc.batch_size">0</beans:prop>
			</beans:props>
		</beans:property>
		<beans:property name="packagesToScan" value="com.niit.chatusbackend"></beans:property>
	</beans:bean>

	<!-- Create transaction object for sessionFactory -->
	<beans:bean id="transactionManager" class="org.springframework.orm.hibernate5.HibernateTransactionManager">
		<beans:property name="sessionFactory" ref="sessionFactory" />
	</beans:bean>
	<beans:bean id="blogDAO" class="com.niit.chatusbackend.model.BlogDAOImpl">
	<beans:property name="sessionFactory" ref="sessionFactory"/>
	</beans:bean>
</beans>